<?xml version="1.0" encoding="UTF-8"?><metadata>
    <idinfo>
        <citation>
            <citeinfo>
                <title>Median Income and AMI (census tract)</title>
            </citeinfo>
        </citation>
        <descript>
            <abstract>For source data: https://data.census.gov/table/ACSST5Y2023.S1903For HUD income limits: https://www.huduser.gov/portal/datasets/il.htmlFor more information about this dataset, please contact egis@isd.lacounty.gov</abstract>
            <purpose>Stats for median household income, AMI category based on median hh income, and comparing median hh income to ami categories</purpose>
        </descript>
        <keywords>
            <theme>
                <themekt>None</themekt>
                <themekey>median</themekey>
                <themekey>income</themekey>
                <themekey>ami</themekey>
                <themekey>hud</themekey>
                <themekey>acs</themekey>
                <themekey>ardi</themekey>
                <themekey>arpa</themekey>
                <themekey>equity explorer</themekey>
            </theme>
        </keywords>
        <accconst>None</accconst>
        <useconst>The data herein is for informational purposes, and may not have been prepared for or be suitable for legal, engineering, or surveying intents. The County of Los Angeles reserves the right to change, restrict or discontinue access at any time. All users of the maps and data presented on https://lacounty.maps.arcgis.com or deriving from any LA County REST URLs, agree to the following Terms of Use as outlined on the County of LA Enterprise GIS (eGIS) Hub (https://egis-lacounty.hub.arcgis.com/pages/terms-of-use).</useconst>
        <datacred>ACS, HUD, Los Angeles County ISD-eGIS</datacred>
    </idinfo>
    <metainfo>
        <metstdn>FGDC Content Standard for Digital Geospatial Metadata</metstdn>
        <metstdv>FGDC-STD-001-1998</metstdv>
        <mettc>local time</mettc>
    </metainfo>
</metadata>
